{
    "Comment": "None",
    "Name": "D:/Workshop/backend_workshop/data_extraction/hrv.json",
    "ar_abs": [
        2232.2790548436406,
        4524.847807387625,
        7632.600290813485
    ],
    "ar_bands": {
        "hf": [
            0.15,
            0.4
        ],
        "lf": [
            0.04,
            0.15
        ],
        "ulf": null,
        "vlf": [
            0.0,
            0.04
        ]
    },
    "ar_interpolation": "cubic",
    "ar_log": [
        7.7107783402578045,
        8.417339221841909,
        8.940183864491717
    ],
    "ar_nfft": 4096.0,
    "ar_norm": [
        37.21873020422064,
        62.78126979577936
    ],
    "ar_order": 16.0,
    "ar_peak": [
        0.0,
        0.0400390625,
        0.150390625
    ],
    "ar_ratio": 0.5928317526117125,
    "ar_rel": [
        15.513004736655539,
        31.444986824716853,
        53.042008438627605
    ],
    "ar_resampling_frequency": 4.0,
    "ar_total": 14389.72715304475,
    "dfa_alpha1": 1.4633269255108925,
    "dfa_alpha1_beats": [
        4,
        5,
        6,
        7,
        8,
        9,
        10,
        11,
        12,
        13,
        14,
        15,
        16
    ],
    "dfa_alpha2": 1.4121838288580921,
    "dfa_alpha2_beats": [
        17,
        18,
        19,
        20,
        21,
        22,
        23,
        24,
        25,
        26,
        27,
        28,
        29,
        30,
        31,
        32,
        33,
        34,
        35,
        36,
        37,
        38,
        39,
        40,
        41,
        42,
        43,
        44,
        45,
        46,
        47,
        48,
        49,
        50,
        51,
        52,
        53,
        54,
        55,
        56,
        57,
        58,
        59,
        60,
        61,
        62,
        63,
        64
    ],
    "ellipse_area": 100.88567120565739,
    "fft_abs": [
        10.158796627252146,
        5.3316685327588615,
        1.3078166071514352
    ],
    "fft_bands": {
        "hf": [
            0.15,
            0.4
        ],
        "lf": [
            0.04,
            0.15
        ],
        "ulf": null,
        "vlf": [
            0.0,
            0.04
        ]
    },
    "fft_interpolation": "cubic",
    "fft_log": [
        2.3183399929359125,
        1.6736642347349724,
        0.2683590346050422
    ],
    "fft_nfft": 4096.0,
    "fft_norm": [
        80.30243942726703,
        19.69756057273297
    ],
    "fft_peak": [
        0.013671875,
        0.0400390625,
        0.150390625
    ],
    "fft_ratio": 4.076770782389595,
    "fft_rel": [
        60.47521269175713,
        31.739368386957857,
        7.785418921285013
    ],
    "fft_resampling_frequency": 4.0,
    "fft_total": 16.798281767162443,
    "fft_window": "hamming",
    "hr_max": 560.7476635514018,
    "hr_mean": 360.2540885282193,
    "hr_min": 333.3333333333333,
    "hr_std": 37.403770600241025,
    "lomb_abs": [
        276.78437816985667,
        1384.3422961937492,
        2994.2785952942872
    ],
    "lomb_bands": {
        "hf": [
            0.15,
            0.4
        ],
        "lf": [
            0.04,
            0.15
        ],
        "ulf": null,
        "vlf": [
            0.0,
            0.04
        ]
    },
    "lomb_log": [
        5.623238784903245,
        7.23298042943753,
        8.004458611851076
    ],
    "lomb_ma": "n/a",
    "lomb_nfft": 256.0,
    "lomb_norm": [
        31.615943250188362,
        68.38405674981163
    ],
    "lomb_peak": [
        0.009647058823529411,
        0.14309803921568628,
        0.34568627450980394
    ],
    "lomb_ratio": 0.46232915613441494,
    "lomb_rel": [
        5.945441097767122,
        29.736235966744935,
        64.31832293548794
    ],
    "lomb_total": 4655.405269657893,
    "nn20": 0.0,
    "nn50": 0.0,
    "nni_counter": 164.0,
    "nni_diff_max": 7.0,
    "nni_diff_mean": 2.085889570552147,
    "nni_diff_min": 0.0,
    "nni_max": 180.0,
    "nni_mean": 167.8719512195122,
    "nni_min": 107.0,
    "pnn20": 0.0,
    "pnn50": 0.0,
    "rmssd": 2.6166057721542932,
    "sampen": 0.6426766725605588,
    "sd1": 1.829270501992707,
    "sd2": 17.555034361548003,
    "sd_ratio": 9.596740527125164,
    "sdann": "n/a",
    "sdnn": 12.931701422893175,
    "sdnn_index": "n/a",
    "sdsd": 1.5846437968952842,
    "tinn": 31.25,
    "tinn_m": 179.6875,
    "tinn_n": 148.4375,
    "tri_index": 2.1578947368421053
}