{
    "Comment": "None",
    "Name": "D:/Workshop/backend_workshop/data_extraction/hrv_1.json",
    "ar_abs": [
        2243.1346374635104,
        4509.688203873342,
        7627.562643712252
    ],
    "ar_bands": {
        "hf": [
            0.15,
            0.4
        ],
        "lf": [
            0.04,
            0.15
        ],
        "ulf": null,
        "vlf": [
            0.0,
            0.04
        ]
    },
    "ar_interpolation": "cubic",
    "ar_log": [
        7.715629558337785,
        8.413983295710677,
        8.939523629433173
    ],
    "ar_nfft": 4096.0,
    "ar_norm": [
        37.15576336440664,
        62.84423663559336
    ],
    "ar_order": 32.0,
    "ar_peak": [
        0.0,
        0.0400390625,
        0.150390625
    ],
    "ar_ratio": 0.5912358133945821,
    "ar_rel": [
        15.598570982646025,
        31.35999524186568,
        53.0414337754883
    ],
    "ar_resampling_frequency": 4.0,
    "ar_total": 14380.385485049104,
    "dfa_alpha1": 1.4633269255108925,
    "dfa_alpha1_beats": [
        4,
        5,
        6,
        7,
        8,
        9,
        10,
        11,
        12,
        13,
        14,
        15,
        16
    ],
    "dfa_alpha2": 1.4121838288580921,
    "dfa_alpha2_beats": [
        17,
        18,
        19,
        20,
        21,
        22,
        23,
        24,
        25,
        26,
        27,
        28,
        29,
        30,
        31,
        32,
        33,
        34,
        35,
        36,
        37,
        38,
        39,
        40,
        41,
        42,
        43,
        44,
        45,
        46,
        47,
        48,
        49,
        50,
        51,
        52,
        53,
        54,
        55,
        56,
        57,
        58,
        59,
        60,
        61,
        62,
        63,
        64
    ],
    "ellipse_area": 100.88567120565739,
    "fft_abs": [
        9.805407038794476,
        4.446125532789064,
        0.5874508276979196
    ],
    "fft_bands": {
        "hf": [
            0.15,
            0.4
        ],
        "lf": [
            0.04,
            0.15
        ],
        "ulf": null,
        "vlf": [
            0.0,
            0.04
        ]
    },
    "fft_interpolation": "cubic",
    "fft_log": [
        2.2829339721772164,
        1.4920330501386958,
        -0.5319627340021132
    ],
    "fft_nfft": 4096.0,
    "fft_norm": [
        88.32935500275026,
        11.670644997249738
    ],
    "fft_peak": [
        0.0009765625,
        0.0400390625,
        0.150390625
    ],
    "fft_ratio": 7.568506712659467,
    "fft_rel": [
        66.07869808163058,
        29.962467193031273,
        3.9588347253381615
    ],
    "fft_resampling_frequency": 4.0,
    "fft_total": 14.838983399281458,
    "fft_window": "hanning",
    "hr_max": 560.7476635514018,
    "hr_mean": 360.2540885282193,
    "hr_min": 333.3333333333333,
    "hr_std": 37.403770600241025,
    "lomb_abs": [
        268.3407847565931,
        1392.2868653206715,
        2992.029297968876
    ],
    "lomb_bands": {
        "hf": [
            0.15,
            0.4
        ],
        "lf": [
            0.04,
            0.15
        ],
        "ulf": null,
        "vlf": [
            0.0,
            0.04
        ]
    },
    "lomb_log": [
        5.5922577576441235,
        7.238702901071036,
        8.003707131148323
    ],
    "lomb_ma": 5.0,
    "lomb_nfft": 256.0,
    "lomb_norm": [
        31.75607810810888,
        68.2439218918911
    ],
    "lomb_peak": [
        0.00803921568627451,
        0.14149019607843139,
        0.15756862745098038
    ],
    "lomb_ratio": 0.4653319625799849,
    "lomb_rel": [
        5.76747410679572,
        29.924554525889885,
        64.3079713673144
    ],
    "lomb_total": 4652.65694804614,
    "nn20": 0.0,
    "nn50": 0.0,
    "nn500": 0.0,
    "nni_counter": 164.0,
    "nni_diff_max": 7.0,
    "nni_diff_mean": 2.085889570552147,
    "nni_diff_min": 0.0,
    "nni_max": 180.0,
    "nni_mean": 167.8719512195122,
    "nni_min": 107.0,
    "pnn20": 0.0,
    "pnn50": 0.0,
    "pnn500": 0.0,
    "rmssd": 2.6166057721542932,
    "sampen": 0.6426766725605588,
    "sd1": 1.829270501992707,
    "sd2": 17.555034361548003,
    "sd_ratio": 9.596740527125164,
    "sdann": "n/a",
    "sdnn": 12.931701422893175,
    "sdnn_index": "n/a",
    "sdsd": 1.5846437968952842,
    "tinn": 31.25,
    "tinn_m": 179.6875,
    "tinn_n": 148.4375,
    "tri_index": 2.1578947368421053
}