{
  "distance": [
    [
      1,
      0.87
    ],
    [
      4,
      10.87
    ],
    [
      7,
      24.02
    ],
    [
      11,
      42.45
    ],
    [
      13,
      51.71
    ],
    [
      16,
      64.4
    ],
    [
      20,
      82.72
    ],
    [
      23,
      96.5
    ],
    [
      27,
      114.63
    ],
    [
      31,
      131.76
    ],
    [
      34,
      144.27
    ],
    [
      38,
      159.85
    ],
    [
      42,
      175.25
    ],
    [
      45,
      184.54
    ],
    [
      50,
      201.02
    ],
    [
      56,
      222.7
    ],
    [
      61,
      241.62
    ],
    [
      67,
      264.94
    ],
    [
      73,
      286.48
    ],
    [
      79,
      308.47
    ],
    [
      85,
      330.63
    ],
    [
      91,
      353.24
    ],
    [
      97,
      375.58
    ],
    [
      103,
      397.72
    ],
    [
      109,
      420.2
    ],
    [
      115,
      443.08
    ],
    [
      121,
      466.28
    ],
    [
      127,
      487.84
    ],
    [
      133,
      508.06
    ],
    [
      139,
      529.29
    ],
    [
      145,
      550.9
    ],
    [
      151,
      573.41
    ],
    [
      157,
      595.01
    ],
    [
      159,
      602.17
    ],
    [
      165,
      624.19
    ],
    [
      170,
      642.23
    ],
    [
      176,
      664.78
    ],
    [
      182,
      684.96
    ],
    [
      189,
      706.53
    ],
    [
      194,
      723.36
    ],
    [
      200,
      744.63
    ],
    [
      206,
      764.12
    ],
    [
      208,
      768.81
    ],
    [
      214,
      786.66
    ],
    [
      220,
      808.46
    ],
    [
      226,
      830.84
    ],
    [
      229,
      841.72
    ],
    [
      235,
      864.82
    ],
    [
      241,
      888.06
    ],
    [
      247,
      908.95
    ],
    [
      253,
      929.84
    ],
    [
      259,
      951.73
    ],
    [
      264,
      973.06
    ],
    [
      270,
      994.57
    ],
    [
      272,
      1000.99
    ],
    [
      278,
      1021.68
    ],
    [
      284,
      1043.27
    ],
    [
      289,
      1063.44
    ],
    [
      295,
      1085.71
    ]
  ],
  "elevation": [
    [
      1,
      440.6
    ],
    [
      4,
      440.6
    ],
    [
      7,
      440
    ],
    [
      11,
      439.4
    ],
    [
      13,
      438.79999999999995
    ],
    [
      16,
      439.20000000000005
    ],
    [
      20,
      438.79999999999995
    ],
    [
      23,
      438.4
    ],
    [
      27,
      438.20000000000005
    ],
    [
      31,
      438.79999999999995
    ],
    [
      34,
      439.6
    ],
    [
      38,
      440
    ],
    [
      42,
      440.4
    ],
    [
      45,
      440.6
    ],
    [
      50,
      440.6
    ],
    [
      56,
      439.79999999999995
    ],
    [
      61,
      440.20000000000005
    ],
    [
      67,
      439.4
    ],
    [
      73,
      438.79999999999995
    ],
    [
      79,
      439.4
    ],
    [
      85,
      440.4
    ],
    [
      91,
      440.20000000000005
    ],
    [
      97,
      439.79999999999995
    ],
    [
      103,
      439.79999999999995
    ],
    [
      109,
      438.79999999999995
    ],
    [
      115,
      438.6
    ],
    [
      121,
      439.6
    ],
    [
      127,
      440.79999999999995
    ],
    [
      133,
      441.79999999999995
    ],
    [
      139,
      441.6
    ],
    [
      145,
      441
    ],
    [
      151,
      440.6
    ],
    [
      157,
      440.4
    ],
    [
      159,
      440.4
    ],
    [
      165,
      441.20000000000005
    ],
    [
      170,
      441.79999999999995
    ],
    [
      176,
      442.20000000000005
    ],
    [
      182,
      442.6
    ],
    [
      189,
      442.20000000000005
    ],
    [
      194,
      442.6
    ],
    [
      200,
      442.79999999999995
    ],
    [
      206,
      442.20000000000005
    ],
    [
      208,
      442.4
    ],
    [
      214,
      441.79999999999995
    ],
    [
      220,
      442.6
    ],
    [
      226,
      442.6
    ],
    [
      229,
      442.79999999999995
    ],
    [
      235,
      442.6
    ],
    [
      241,
      443
    ],
    [
      247,
      442.79999999999995
    ],
    [
      253,
      442.79999999999995
    ],
    [
      259,
      442
    ],
    [
      264,
      443.20000000000005
    ],
    [
      270,
      443.20000000000005
    ],
    [
      272,
      443
    ],
    [
      278,
      442
    ],
    [
      284,
      440.79999999999995
    ],
    [
      289,
      440.79999999999995
    ],
    [
      295,
      440
    ]
  ],
  "speed": [
    [
      1,
      0
    ],
    [
      4,
      0.019
    ],
    [
      7,
      3.984
    ],
    [
      11,
      4.292
    ],
    [
      13,
      4.273
    ],
    [
      16,
      4.292
    ],
    [
      20,
      4.133
    ],
    [
      23,
      4.227
    ],
    [
      27,
      4.255
    ],
    [
      31,
      4.264
    ],
    [
      34,
      4.217
    ],
    [
      38,
      4.143
    ],
    [
      42,
      4.087
    ],
    [
      45,
      4.031
    ],
    [
      50,
      3.844
    ],
    [
      56,
      3.742
    ],
    [
      61,
      3.686
    ],
    [
      67,
      3.714
    ],
    [
      73,
      3.686
    ],
    [
      79,
      3.695
    ],
    [
      85,
      3.686
    ],
    [
      91,
      3.695
    ],
    [
      97,
      3.695
    ],
    [
      103,
      3.695
    ],
    [
      109,
      3.695
    ],
    [
      115,
      3.704
    ],
    [
      121,
      3.723
    ],
    [
      127,
      3.723
    ],
    [
      133,
      3.695
    ],
    [
      139,
      3.676
    ],
    [
      145,
      3.658
    ],
    [
      151,
      3.658
    ],
    [
      157,
      3.658
    ],
    [
      159,
      3.658
    ],
    [
      165,
      3.648
    ],
    [
      170,
      3.648
    ],
    [
      176,
      3.658
    ],
    [
      182,
      3.639
    ],
    [
      189,
      3.602
    ],
    [
      194,
      3.564
    ],
    [
      200,
      3.564
    ],
    [
      206,
      3.518
    ],
    [
      208,
      3.462
    ],
    [
      214,
      3.256
    ],
    [
      220,
      3.284
    ],
    [
      226,
      3.378
    ],
    [
      229,
      3.415
    ],
    [
      235,
      3.471
    ],
    [
      241,
      3.546
    ],
    [
      247,
      3.564
    ],
    [
      253,
      3.564
    ],
    [
      259,
      3.555
    ],
    [
      264,
      3.602
    ],
    [
      270,
      3.63
    ],
    [
      272,
      3.63
    ],
    [
      278,
      3.62
    ],
    [
      284,
      3.62
    ],
    [
      289,
      3.639
    ],
    [
      295,
      3.658
    ]
  ],