{"48":{"time":13,"dist":60.1320011072,"stance_time":0.18,"cycle_time":1.2,"initialContact":0.24,"midStance":0.12,"earlySwing":0.12,"midSwing":0.36,"terminalSwing":0.36,"swing_time":0.84,"float_time":0.18,"step_length":1.5,"stance_dist":0.225,"swing_dist":1.05,"float_dist":0.225,"init_dist":0.3,"mid_dist":0.15,"early_dist":0.15,"mid_swing_dist":0.45,"term_dist":0.45,"oscillation":74.0,"vertical_ratio":5.1,"cadence":100,"speed":5.458,"com":0.5704351355,"symmetry":"right","phases":"Transition","forward_dist":1.4509803922,"ratio":176.4705882353,"duty_factor":150.0,"stride_factor":1807.2289156627,"froudeDim":0.6703265662,"stride_dimension":0.0705062861,"grf_acc":13.8734350469,"prop_force_acc":1172.3052614614,"stance_force":828.945,"equi_slope":0.0103975535,"eq_body_m":1.4142135624,"direction":"West","time_units":"Q1"},"49":{"time":14,"dist":68.0501763807,"stance_time":0.18,"cycle_time":1.2,"initialContact":0.24,"midStance":0.12,"earlySwing":0.12,"midSwing":0.36,"terminalSwing":0.36,"swing_time":0.84,"float_time":0.18,"step_length":1.56,"stance_dist":0.234,"swing_dist":1.092,"float_dist":0.234,"init_dist":0.312,"mid_dist":0.156,"early_dist":0.156,"mid_swing_dist":0.468,"term_dist":0.468,"oscillation":74.0,"vertical_ratio":5.0,"cadence":100,"speed":5.561,"com":0.5164079106,"symmetry":"right","phases":"Transition","forward_dist":1.48,"ratio":176.4705882353,"duty_factor":150.0,"stride_factor":1879.5180722892,"froudeDim":0.6829765545,"stride_dimension":0.0705062861,"grf_acc":13.8734350469,"prop_force_acc":1172.3052614614,"stance_force":828.945,"equi_slope":0.0104994903,"eq_body_m":1.4142135624,"direction":"West","time_units":"Q1"},"2":{"time":14,"dist":69.8117118738,"stance_time":0.166,"cycle_time":1.2,"initialContact":0.24,"midStance":0.12,"earlySwing":0.12,"midSwing":0.36,"terminalSwing":0.36,"swing_time":0.84,"float_time":0.194,"step_length":1.665,"stance_dist":0.230325,"swing_dist":1.1655,"float_dist":0.269175,"init_dist":0.333,"mid_dist":0.1665,"early_dist":0.1665,"mid_swing_dist":0.4995,"term_dist":0.4995,"oscillation":93.7,"vertical_ratio":5.65,"cadence":100,"speed":5.598,"com":0.5164079106,"symmetry":"right","phases":"Transition","forward_dist":1.6584070796,"ratio":160.5415860735,"duty_factor":138.3333333333,"stride_factor":2006.0240963855,"froudeDim":0.6875207251,"stride_dimension":0.0705062861,"grf_acc":13.8734350469,"prop_force_acc":1172.3052614614,"stance_force":828.945,"equi_slope":0.0094801223,"eq_body_m":1.4142135624,"direction":"West","time_units":"Q1"},"3":{"time":15,"dist":78.1204877527,"stance_time":0.168,"cycle_time":1.2,"initialContact":0.24,"midStance":0.12,"earlySwing":0.12,"midSwing":0.36,"terminalSwing":0.36,"swing_time":0.84,"float_time":0.192,"step_length":1.672,"stance_dist":0.23408,"swing_dist":1.1704,"float_dist":0.26752,"init_dist":0.3344,"mid_dist":0.1672,"early_dist":0.1672,"mid_swing_dist":0.5016,"term_dist":0.5016,"oscillation":93.7,"vertical_ratio":5.46,"cadence":100,"speed":5.589,"com":0.4674977286,"symmetry":"right","phases":"Transition","forward_dist":1.7161172161,"ratio":162.7906976744,"duty_factor":140.0,"stride_factor":2014.4578313253,"froudeDim":0.6864153863,"stride_dimension":0.0705062861,"grf_acc":13.8734350469,"prop_force_acc":1172.3052614614,"stance_force":828.945,"equi_slope":-0.0009174312,"eq_body_m":1.4142135624,"direction":"West","time_units":"Q1"},"50":{"time":15,"dist":75.9160815735,"stance_time":0.183,"cycle_time":1.2121212121,"initialContact":0.2424242424,"midStance":0.1212121212,"earlySwing":0.1212121212,"midSwing":0.3636363636,"terminalSwing":0.3636363636,"swing_time":0.8484848484,"float_time":0.1806363637,"step_length":1.58,"stance_dist":0.2385405,"swing_dist":1.1059999999,"float_dist":0.2354595001,"init_dist":0.316,"mid_dist":0.158,"early_dist":0.158,"mid_swing_dist":0.474,"term_dist":0.474,"oscillation":78.0,"vertical_ratio":4.9,"cadence":99,"speed":5.475,"com":0.4674977286,"symmetry":"right","phases":"Transition","forward_dist":1.5918367347,"ratio":177.8216189158,"duty_factor":150.975,"stride_factor":1903.6144578313,"froudeDim":0.6724144284,"stride_dimension":0.0698012232,"grf_acc":13.8734350469,"prop_force_acc":1172.3052614614,"stance_force":828.945,"equi_slope":-0.0087665647,"eq_body_m":1.4142135624,"direction":"West","time_units":"Q1"},"51":{"time":16,"dist":83.790516286,"stance_time":0.187,"cycle_time":1.2371134021,"initialContact":0.2474226804,"midStance":0.1237113402,"earlySwing":0.1237113402,"midSwing":0.3711340206,"terminalSwing":0.3711340206,"swing_time":0.8659793814,"float_time":0.1841340207,"step_length":1.61,"stance_dist":0.2433649167,"swing_dist":1.1269999999,"float_dist":0.2396350834,"init_dist":0.322,"mid_dist":0.161,"early_dist":0.161,"mid_swing_dist":0.483,"term_dist":0.483,"oscillation":82.0,"vertical_ratio":4.9,"cadence":97,"speed":5.389,"com":0.4232199425,"symmetry":"right","phases":"Transition","forward_dist":1.6734693878,"ratio":178.076005537,"duty_factor":151.1583333333,"stride_factor":1939.7590361446,"froudeDim":0.6618523022,"stride_dimension":0.0683910975,"grf_acc":13.8734350469,"prop_force_acc":1172.3052614614,"stance_force":828.945,"equi_slope":-0.0087665647,"eq_body_m":1.4142135624,"direction":"West","time_units":"Q1"},"52":{"time":17,"dist":91.0264774473,"stance_time":0.189,"cycle_time":1.2371134021,"initialContact":0.2474226804,"midStance":0.1237113402,"earlySwing":0.1237113402,"midSwing":0.3711340206,"terminalSwing":0.3711340206,"swing_time":0.8659793814,"float_time":0.1821340207,"step_length":1.64,"stance_dist":0.250551,"swing_dist":1.1479999999,"float_dist":0.2414490001,"init_dist":0.328,"mid_dist":0.164,"early_dist":0.164,"mid_swing_dist":0.492,"term_dist":0.492,"oscillation":81.0,"vertical_ratio":4.8,"cadence":97,"speed":5.314,"com":0.3831358074,"symmetry":"right","phases":"Transition","forward_dist":1.6875,"ratio":180.3239989377,"duty_factor":152.775,"stride_factor":1975.9036144578,"froudeDim":0.6526411456,"stride_dimension":0.0683910975,"grf_acc":13.8734350469,"prop_force_acc":1172.3052614614,"stance_force":828.945,"equi_slope":-0.0076452599,"eq_body_m":1.4142135624,"direction":"West","time_units":"Q1"},"53":{"time":18,"dist":98.2629867184,"stance_time":0.192,"cycle_time":1.2244897959,"initialContact":0.2448979592,"midStance":0.1224489796,"earlySwing":0.1224489796,"midSwing":0.3673469388,"terminalSwing":0.3673469388,"swing_time":0.8571428572,"float_time":0.1753469387,"step_length":1.68,"stance_dist":0.263424,"swing_dist":1.1760000001,"float_dist":0.2405759999,"init_dist":0.336,"mid_dist":0.168,"early_dist":0.168,"mid_swing_dist":0.504,"term_dist":0.504,"oscillation":80.0,"vertical_ratio":4.7,"cadence":98,"speed":5.239,"com":0.3468481331,"symmetry":"right","phases":"Transition","forward_dist":1.7021276596,"ratio":185.9582542694,"duty_factor":156.8,"stride_factor":2024.0963855422,"froudeDim":0.6434299891,"stride_dimension":0.0690961604,"grf_acc":13.8734350469,"prop_force_acc":1172.3052614614,"stance_force":828.945,"equi_slope":-0.0076452599,"eq_body_m":1.4142135624,"direction":"West","time_units":"Q1"},"54":{"time":19,"dist":105.4858638344,"stance_time":0.189,"cycle_time":1.2371134021,"initialContact":0.2474226804,"midStance":0.1237113402,"earlySwing":0.1237113402,"midSwing":0.3711340206,"terminalSwing":0.3711340206,"swing_time":0.8659793814,"float_time":0.1821340207,"step_length":1.66,"stance_dist":0.2536065,"swing_dist":1.1619999999,"float_dist":0.2443935001,"init_dist":0.332,"mid_dist":0.166,"early_dist":0.166,"mid_swing_dist":0.498,"term_dist":0.498,"oscillation":80.0,"vertical_ratio":4.8,"cadence":97,"speed":5.2,"com":0.3139973479,"symmetry":"right","phases":"Transition","forward_dist":1.6666666667,"ratio":180.3239989377,"duty_factor":152.775,"stride_factor":2000.0,"froudeDim":0.6386401877,"stride_dimension":0.0683910975,"grf_acc":13.8734350469,"prop_force_acc":1172.3052614614,"stance_force":828.945,"equi_slope":-0.0039755352,"eq_body_m":1.4142135624,"direction":"West","time_units":"Q1"},"55":{"time":20,"dist":112.7087410435,"stance_time":0.187,